--
-- PostgreSQL database dump
--

-- Dumped from database version 16.6 (Ubuntu 16.6-0ubuntu0.24.04.1)
-- Dumped by pg_dump version 16.6 (Ubuntu 16.6-0ubuntu0.24.04.1)

-- Started on 2025-03-12 19:33:10 CAT

SET statement_timeout = 0;
SET lock_timeout = 0;
SET idle_in_transaction_session_timeout = 0;
SET client_encoding = 'UTF8';
SET standard_conforming_strings = on;
SELECT pg_catalog.set_config('search_path', '', false);
SET check_function_bodies = false;
SET xmloption = content;
SET client_min_messages = warning;
SET row_security = off;

SET default_tablespace = '';

SET default_table_access_method = heap;

--
-- TOC entry 226 (class 1259 OID 17876)
-- Name: auth_group; Type: TABLE; Schema: public; Owner: postgres
--

CREATE TABLE public.auth_group (
    id integer NOT NULL,
    name character varying(150) NOT NULL
);


ALTER TABLE public.auth_group OWNER TO postgres;

--
-- TOC entry 225 (class 1259 OID 17875)
-- Name: auth_group_id_seq; Type: SEQUENCE; Schema: public; Owner: postgres
--

ALTER TABLE public.auth_group ALTER COLUMN id ADD GENERATED BY DEFAULT AS IDENTITY (
    SEQUENCE NAME public.auth_group_id_seq
    START WITH 1
    INCREMENT BY 1
    NO MINVALUE
    NO MAXVALUE
    CACHE 1
);


--
-- TOC entry 228 (class 1259 OID 17884)
-- Name: auth_group_permissions; Type: TABLE; Schema: public; Owner: postgres
--

CREATE TABLE public.auth_group_permissions (
    id bigint NOT NULL,
    group_id integer NOT NULL,
    permission_id integer NOT NULL
);


ALTER TABLE public.auth_group_permissions OWNER TO postgres;

--
-- TOC entry 227 (class 1259 OID 17883)
-- Name: auth_group_permissions_id_seq; Type: SEQUENCE; Schema: public; Owner: postgres
--

ALTER TABLE public.auth_group_permissions ALTER COLUMN id ADD GENERATED BY DEFAULT AS IDENTITY (
    SEQUENCE NAME public.auth_group_permissions_id_seq
    START WITH 1
    INCREMENT BY 1
    NO MINVALUE
    NO MAXVALUE
    CACHE 1
);


--
-- TOC entry 224 (class 1259 OID 17870)
-- Name: auth_permission; Type: TABLE; Schema: public; Owner: postgres
--

CREATE TABLE public.auth_permission (
    id integer NOT NULL,
    name character varying(255) NOT NULL,
    content_type_id integer NOT NULL,
    codename character varying(100) NOT NULL
);


ALTER TABLE public.auth_permission OWNER TO postgres;

--
-- TOC entry 223 (class 1259 OID 17869)
-- Name: auth_permission_id_seq; Type: SEQUENCE; Schema: public; Owner: postgres
--

ALTER TABLE public.auth_permission ALTER COLUMN id ADD GENERATED BY DEFAULT AS IDENTITY (
    SEQUENCE NAME public.auth_permission_id_seq
    START WITH 1
    INCREMENT BY 1
    NO MINVALUE
    NO MAXVALUE
    CACHE 1
);


--
-- TOC entry 220 (class 1259 OID 17839)
-- Name: authentication_user; Type: TABLE; Schema: public; Owner: postgres
--

CREATE TABLE public.authentication_user (
    id bigint NOT NULL,
    last_login timestamp with time zone,
    created_at timestamp with time zone NOT NULL,
    updated_at timestamp with time zone NOT NULL,
    deleted_at timestamp with time zone,
    email character varying(50) NOT NULL,
    username character varying(50) NOT NULL,
    password character varying(128) NOT NULL,
    photo character varying(100),
    is_admin boolean NOT NULL,
    is_active boolean NOT NULL,
    is_staff boolean NOT NULL,
    is_superuser boolean NOT NULL
);


ALTER TABLE public.authentication_user OWNER TO postgres;

--
-- TOC entry 219 (class 1259 OID 17838)
-- Name: authentication_user_id_seq; Type: SEQUENCE; Schema: public; Owner: postgres
--

ALTER TABLE public.authentication_user ALTER COLUMN id ADD GENERATED BY DEFAULT AS IDENTITY (
    SEQUENCE NAME public.authentication_user_id_seq
    START WITH 1
    INCREMENT BY 1
    NO MINVALUE
    NO MAXVALUE
    CACHE 1
);


--
-- TOC entry 229 (class 1259 OID 17916)
-- Name: authtoken_token; Type: TABLE; Schema: public; Owner: postgres
--

CREATE TABLE public.authtoken_token (
    key character varying(40) NOT NULL,
    created timestamp with time zone NOT NULL,
    user_id bigint NOT NULL
);


ALTER TABLE public.authtoken_token OWNER TO postgres;

--
-- TOC entry 222 (class 1259 OID 17849)
-- Name: django_admin_log; Type: TABLE; Schema: public; Owner: postgres
--

CREATE TABLE public.django_admin_log (
    id integer NOT NULL,
    action_time timestamp with time zone NOT NULL,
    object_id text,
    object_repr character varying(200) NOT NULL,
    action_flag smallint NOT NULL,
    change_message text NOT NULL,
    content_type_id integer,
    user_id bigint NOT NULL,
    CONSTRAINT django_admin_log_action_flag_check CHECK ((action_flag >= 0))
);


ALTER TABLE public.django_admin_log OWNER TO postgres;

--
-- TOC entry 221 (class 1259 OID 17848)
-- Name: django_admin_log_id_seq; Type: SEQUENCE; Schema: public; Owner: postgres
--

ALTER TABLE public.django_admin_log ALTER COLUMN id ADD GENERATED BY DEFAULT AS IDENTITY (
    SEQUENCE NAME public.django_admin_log_id_seq
    START WITH 1
    INCREMENT BY 1
    NO MINVALUE
    NO MAXVALUE
    CACHE 1
);


--
-- TOC entry 218 (class 1259 OID 17831)
-- Name: django_content_type; Type: TABLE; Schema: public; Owner: postgres
--

CREATE TABLE public.django_content_type (
    id integer NOT NULL,
    app_label character varying(100) NOT NULL,
    model character varying(100) NOT NULL
);


ALTER TABLE public.django_content_type OWNER TO postgres;

--
-- TOC entry 217 (class 1259 OID 17830)
-- Name: django_content_type_id_seq; Type: SEQUENCE; Schema: public; Owner: postgres
--

ALTER TABLE public.django_content_type ALTER COLUMN id ADD GENERATED BY DEFAULT AS IDENTITY (
    SEQUENCE NAME public.django_content_type_id_seq
    START WITH 1
    INCREMENT BY 1
    NO MINVALUE
    NO MAXVALUE
    CACHE 1
);


--
-- TOC entry 216 (class 1259 OID 17823)
-- Name: django_migrations; Type: TABLE; Schema: public; Owner: postgres
--

CREATE TABLE public.django_migrations (
    id bigint NOT NULL,
    app character varying(255) NOT NULL,
    name character varying(255) NOT NULL,
    applied timestamp with time zone NOT NULL
);


ALTER TABLE public.django_migrations OWNER TO postgres;

--
-- TOC entry 215 (class 1259 OID 17822)
-- Name: django_migrations_id_seq; Type: SEQUENCE; Schema: public; Owner: postgres
--

ALTER TABLE public.django_migrations ALTER COLUMN id ADD GENERATED BY DEFAULT AS IDENTITY (
    SEQUENCE NAME public.django_migrations_id_seq
    START WITH 1
    INCREMENT BY 1
    NO MINVALUE
    NO MAXVALUE
    CACHE 1
);


--
-- TOC entry 230 (class 1259 OID 17929)
-- Name: django_session; Type: TABLE; Schema: public; Owner: postgres
--

CREATE TABLE public.django_session (
    session_key character varying(40) NOT NULL,
    session_data text NOT NULL,
    expire_date timestamp with time zone NOT NULL
);


ALTER TABLE public.django_session OWNER TO postgres;

--
-- TOC entry 232 (class 1259 OID 17939)
-- Name: student_academicfee; Type: TABLE; Schema: public; Owner: postgres
--

CREATE TABLE public.student_academicfee (
    id bigint NOT NULL,
    created_at timestamp with time zone NOT NULL,
    updated_at timestamp with time zone NOT NULL,
    deleted_at timestamp with time zone,
    category character varying(1) NOT NULL,
    amount numeric(16,3) NOT NULL,
    for_level character varying(4),
    stakeholders character varying(3)[] NOT NULL,
    payable_from date NOT NULL,
    created_by_id bigint NOT NULL
);


ALTER TABLE public.student_academicfee OWNER TO postgres;

--
-- TOC entry 231 (class 1259 OID 17938)
-- Name: student_academicfee_id_seq; Type: SEQUENCE; Schema: public; Owner: postgres
--

ALTER TABLE public.student_academicfee ALTER COLUMN id ADD GENERATED BY DEFAULT AS IDENTITY (
    SEQUENCE NAME public.student_academicfee_id_seq
    START WITH 1
    INCREMENT BY 1
    NO MINVALUE
    NO MAXVALUE
    CACHE 1
);


--
-- TOC entry 236 (class 1259 OID 17955)
-- Name: student_invoice; Type: TABLE; Schema: public; Owner: postgres
--

CREATE TABLE public.student_invoice (
    id bigint NOT NULL,
    created_at timestamp with time zone NOT NULL,
    updated_at timestamp with time zone NOT NULL,
    deleted_at timestamp with time zone,
    amount numeric(16,3) NOT NULL,
    level character varying(4) NOT NULL,
    due_amount numeric(16,3) NOT NULL,
    created_by_id bigint NOT NULL,
    type_id bigint NOT NULL,
    student_id bigint NOT NULL
);


ALTER TABLE public.student_invoice OWNER TO postgres;

--
-- TOC entry 235 (class 1259 OID 17954)
-- Name: student_invoice_id_seq; Type: SEQUENCE; Schema: public; Owner: postgres
--

ALTER TABLE public.student_invoice ALTER COLUMN id ADD GENERATED BY DEFAULT AS IDENTITY (
    SEQUENCE NAME public.student_invoice_id_seq
    START WITH 1
    INCREMENT BY 1
    NO MINVALUE
    NO MAXVALUE
    CACHE 1
);


--
-- TOC entry 234 (class 1259 OID 17947)
-- Name: student_student; Type: TABLE; Schema: public; Owner: postgres
--

CREATE TABLE public.student_student (
    id bigint NOT NULL,
    created_at timestamp with time zone NOT NULL,
    updated_at timestamp with time zone NOT NULL,
    deleted_at timestamp with time zone,
    name character varying(50) NOT NULL,
    lastname character varying(50) NOT NULL,
    matricule character varying(8) NOT NULL,
    departement character varying(3) NOT NULL,
    promotion integer NOT NULL,
    level character varying(4) NOT NULL,
    speciality character varying(50),
    student_check_pass boolean NOT NULL,
    created_by_id bigint NOT NULL,
    user_id bigint NOT NULL
);


ALTER TABLE public.student_student OWNER TO postgres;

--
-- TOC entry 233 (class 1259 OID 17946)
-- Name: student_student_id_seq; Type: SEQUENCE; Schema: public; Owner: postgres
--

ALTER TABLE public.student_student ALTER COLUMN id ADD GENERATED BY DEFAULT AS IDENTITY (
    SEQUENCE NAME public.student_student_id_seq
    START WITH 1
    INCREMENT BY 1
    NO MINVALUE
    NO MAXVALUE
    CACHE 1
);


--
-- TOC entry 3560 (class 0 OID 17876)
-- Dependencies: 226
-- Data for Name: auth_group; Type: TABLE DATA; Schema: public; Owner: postgres
--

COPY public.auth_group (id, name) FROM stdin;
\.


--
-- TOC entry 3562 (class 0 OID 17884)
-- Dependencies: 228
-- Data for Name: auth_group_permissions; Type: TABLE DATA; Schema: public; Owner: postgres
--

COPY public.auth_group_permissions (id, group_id, permission_id) FROM stdin;
\.


--
-- TOC entry 3558 (class 0 OID 17870)
-- Dependencies: 224
-- Data for Name: auth_permission; Type: TABLE DATA; Schema: public; Owner: postgres
--

COPY public.auth_permission (id, name, content_type_id, codename) FROM stdin;
1	Can add log entry	1	add_logentry
2	Can change log entry	1	change_logentry
3	Can delete log entry	1	delete_logentry
4	Can view log entry	1	view_logentry
5	Can add permission	2	add_permission
6	Can change permission	2	change_permission
7	Can delete permission	2	delete_permission
8	Can view permission	2	view_permission
9	Can add group	3	add_group
10	Can change group	3	change_group
11	Can delete group	3	delete_group
12	Can view group	3	view_group
13	Can add content type	4	add_contenttype
14	Can change content type	4	change_contenttype
15	Can delete content type	4	delete_contenttype
16	Can view content type	4	view_contenttype
17	Can add session	5	add_session
18	Can change session	5	change_session
19	Can delete session	5	delete_session
20	Can view session	5	view_session
21	Can add Token	6	add_token
22	Can change Token	6	change_token
23	Can delete Token	6	delete_token
24	Can view Token	6	view_token
25	Can add Token	7	add_tokenproxy
26	Can change Token	7	change_tokenproxy
27	Can delete Token	7	delete_tokenproxy
28	Can view Token	7	view_tokenproxy
29	Can add academic fee	8	add_academicfee
30	Can change academic fee	8	change_academicfee
31	Can delete academic fee	8	delete_academicfee
32	Can view academic fee	8	view_academicfee
33	Can add student	9	add_student
34	Can change student	9	change_student
35	Can delete student	9	delete_student
36	Can view student	9	view_student
37	Can add invoice	10	add_invoice
38	Can change invoice	10	change_invoice
39	Can delete invoice	10	delete_invoice
40	Can view invoice	10	view_invoice
41	Can add user	11	add_user
42	Can change user	11	change_user
43	Can delete user	11	delete_user
44	Can view user	11	view_user
\.


--
-- TOC entry 3554 (class 0 OID 17839)
-- Dependencies: 220
-- Data for Name: authentication_user; Type: TABLE DATA; Schema: public; Owner: postgres
--

COPY public.authentication_user (id, last_login, created_at, updated_at, deleted_at, email, username, password, photo, is_admin, is_active, is_staff, is_superuser) FROM stdin;
21	\N	2025-03-02 16:03:02.353705+02	2025-03-02 16:03:02.353722+02	\N	xcallahan@hau.bi	Michael Harris	pbkdf2_sha256$870000$cGIFHKtCzjBzUG9giOW5JV$SRuxt7VkdIBCb7UaetDzd2q/BY11uVJPr3b5jf8UxbI=		f	t	f	f
22	\N	2025-03-02 16:03:03.158263+02	2025-03-02 16:03:03.158274+02	\N	barneselizabeth@hau.bi	Grace Lee	pbkdf2_sha256$870000$Z1y6b2MRhDOykSG9dezjMb$FLhZxRcD7pwfb5LQh0RgLL+Mv/uksOAOrRQbnrKXEKw=		f	t	f	f
23	\N	2025-03-02 16:03:04.045126+02	2025-03-02 16:03:04.045141+02	\N	heatherclements@hau.bi	Monica Melton	pbkdf2_sha256$870000$sm7tTHp5fcffMZLTNtckyA$Or2iTM3253ZcNN/JS5sqjAaBGvkXuX9IH2Gl7KYpHCM=		f	t	f	f
24	\N	2025-03-02 16:03:04.838717+02	2025-03-02 16:03:04.838731+02	\N	laurenwolfe@hau.bi	Mark Cantu	pbkdf2_sha256$870000$uTJaaR9XHdnfC0p1ZLWpRs$t3jNHqyFH/ZEbLoK08kf2WY/SmP4CrnvcHjclNuKBrk=		f	t	f	f
25	\N	2025-03-02 16:03:05.613808+02	2025-03-02 16:03:05.61382+02	\N	keith75@hau.bi	Michael Carter	pbkdf2_sha256$870000$NlgOcoGEfnXDUX1qiwPhF6$cFu2wxUXNQxwfQ6k8MyRqdLu9Tk+mTDH479/BAQxkSY=		f	t	f	f
26	\N	2025-03-02 16:03:06.397921+02	2025-03-02 16:03:06.397937+02	\N	sreeves@hau.bi	Andrew Jenkins	pbkdf2_sha256$870000$iIyYC5GzfymhgmzbYdaPph$WXsnmW7GA5N+Ou8iFc6vUaPaDOnL9gFtVIGYgmOnjwg=		f	t	f	f
27	\N	2025-03-02 16:03:07.190051+02	2025-03-02 16:03:07.190062+02	\N	diazalexander@hau.bi	Valerie Oliver	pbkdf2_sha256$870000$g9vUf47eU24NpPUEp4VowY$J1IVNDjdpJ5vmODe1jrdioW4hfDU9diWzJzvZlKU53E=		f	t	f	f
28	\N	2025-03-02 16:03:07.986721+02	2025-03-02 16:03:07.986735+02	\N	xlewis@hau.bi	Lisa Lawrence	pbkdf2_sha256$870000$fS7kt2csiKezvDDNvy2FUg$8QCWl6Gl2sqwTJSYpbO5u7DsJNPBVLo6ZeWrd0M6WO4=		f	t	f	f
29	\N	2025-03-02 16:03:08.766014+02	2025-03-02 16:03:08.766024+02	\N	carol53@hau.bi	Mark Gonzalez	pbkdf2_sha256$870000$RQ901V5vCkNGvZDsVjxoLB$V40JhhxnUKkOpETfRRgQLr82XUA2Ta4XhuCLWkJrN1g=		f	t	f	f
30	\N	2025-03-02 16:03:09.535459+02	2025-03-02 16:03:09.535468+02	\N	scottlyons@hau.bi	Debra Stevens	pbkdf2_sha256$870000$gXi1o40kmUbi1ghjcxejpO$5/A6l1U8eEsA/q54W7r08pAgFAy7PifXj0mzLZ/CFds=		f	t	f	f
31	\N	2025-03-02 16:04:16.129646+02	2025-03-02 16:04:16.129657+02	\N	vcoleman@hau.bi	Elizabeth Schultz	pbkdf2_sha256$870000$m7zeo2xXd6ER6G3PsbwdNL$dj4xnf/Cjm3jUqI0wfoBGgqTYCbNQKaVTVddth6Gl88=		f	t	f	f
32	\N	2025-03-02 16:04:16.905846+02	2025-03-02 16:04:16.905855+02	\N	syoung@hau.bi	Linda Mcneil	pbkdf2_sha256$870000$0dQsfgcs76HLLKjVs4VV3O$qMbIcjqEyhp9DBrnHNNIFRnezi1p8/3hNXtR1hTrH/c=		f	t	f	f
33	\N	2025-03-02 16:04:17.772399+02	2025-03-02 16:04:17.772408+02	\N	lutzshawn@hau.bi	Brett Garcia	pbkdf2_sha256$870000$5AbP50NKXam0NAcyHmeovc$Oja5E4vbabqnvSmDwt2P/S9KVR6KPBexPwYakRiOQp8=		f	t	f	f
34	\N	2025-03-02 16:04:18.546233+02	2025-03-02 16:04:18.546243+02	\N	wilsonamy@hau.bi	Richard Brown	pbkdf2_sha256$870000$LCp2ZFEgYR0U2nv3er45Ns$d0BoTraXJuEa1K8UUQK2bheWepYNfu2xEzxPW4yyns0=		f	t	f	f
35	\N	2025-03-02 16:04:19.329865+02	2025-03-02 16:04:19.329877+02	\N	brennaneric@hau.bi	Jonathan Ponce	pbkdf2_sha256$870000$q0eaQFZHcNlLcJLcPcOVxv$RmyLslcXskrvoCpx2/VjG1x0K7JqZI8BaMsSurl7n/0=		f	t	f	f
36	\N	2025-03-02 16:04:20.116761+02	2025-03-02 16:04:20.116771+02	\N	michaelgarrison@hau.bi	Bradley Gonzalez	pbkdf2_sha256$870000$OgLEhvrO9i7RnhVtXRLupC$QB0JBQpvKFBAGwzxJ7r9M7vNeDhM7vdG9Jzv7Ha6xLk=		f	t	f	f
37	\N	2025-03-02 16:04:20.889214+02	2025-03-02 16:04:20.889229+02	\N	icarter@hau.bi	Andrew Coleman	pbkdf2_sha256$870000$3ixiKZarfcPsAoj2V8qm5N$p9IUI/SbMGrq+3Z0K+yrq815zJNwEKbywJZ2FBDBNmM=		f	t	f	f
38	\N	2025-03-02 16:04:21.674119+02	2025-03-02 16:04:21.674133+02	\N	aimeestark@hau.bi	Carla Lam	pbkdf2_sha256$870000$8MWgIpwtCuCpddxgiHe3Wg$hcHhNRL+vwHITuzDgVT73FIV2Voc91FvcVdJdOHJC/4=		f	t	f	f
39	\N	2025-03-02 16:04:22.536837+02	2025-03-02 16:04:22.536847+02	\N	michaeldavis@hau.bi	Phillip Hall MD	pbkdf2_sha256$870000$zsBwzFeIWzUBTDQ7APS5Xq$39YOP7cVU7thjbbg7pHcv3mLgen6iMgioP3BKRGxd/w=		f	t	f	f
40	\N	2025-03-02 16:04:23.339999+02	2025-03-02 16:04:23.340015+02	\N	vwebb@hau.bi	Dana Willis	pbkdf2_sha256$870000$www7MtChoNBcESg4rAkxxh$9Z9MjZRDMvQUcQy5ObPuryYrxzFR5/AwWTr/tDYedeo=		f	t	f	f
\.


--
-- TOC entry 3563 (class 0 OID 17916)
-- Dependencies: 229
-- Data for Name: authtoken_token; Type: TABLE DATA; Schema: public; Owner: postgres
--

COPY public.authtoken_token (key, created, user_id) FROM stdin;
\.


--
-- TOC entry 3556 (class 0 OID 17849)
-- Dependencies: 222
-- Data for Name: django_admin_log; Type: TABLE DATA; Schema: public; Owner: postgres
--

COPY public.django_admin_log (id, action_time, object_id, object_repr, action_flag, change_message, content_type_id, user_id) FROM stdin;
\.


--
-- TOC entry 3552 (class 0 OID 17831)
-- Dependencies: 218
-- Data for Name: django_content_type; Type: TABLE DATA; Schema: public; Owner: postgres
--

COPY public.django_content_type (id, app_label, model) FROM stdin;
1	admin	logentry
2	auth	permission
3	auth	group
4	contenttypes	contenttype
5	sessions	session
6	authtoken	token
7	authtoken	tokenproxy
8	student	academicfee
9	student	student
10	student	invoice
11	authentication	user
\.


--
-- TOC entry 3550 (class 0 OID 17823)
-- Dependencies: 216
-- Data for Name: django_migrations; Type: TABLE DATA; Schema: public; Owner: postgres
--

COPY public.django_migrations (id, app, name, applied) FROM stdin;
1	contenttypes	0001_initial	2025-03-02 12:43:13.287798+02
2	authentication	0001_initial	2025-03-02 12:43:13.307981+02
3	admin	0001_initial	2025-03-02 12:43:13.328426+02
4	admin	0002_logentry_remove_auto_add	2025-03-02 12:43:13.334397+02
5	admin	0003_logentry_add_action_flag_choices	2025-03-02 12:43:13.339493+02
6	contenttypes	0002_remove_content_type_name	2025-03-02 12:43:13.353636+02
7	auth	0001_initial	2025-03-02 12:43:13.407843+02
8	auth	0002_alter_permission_name_max_length	2025-03-02 12:43:13.416931+02
9	auth	0003_alter_user_email_max_length	2025-03-02 12:43:13.423414+02
10	auth	0004_alter_user_username_opts	2025-03-02 12:43:13.429024+02
11	auth	0005_alter_user_last_login_null	2025-03-02 12:43:13.446818+02
12	auth	0006_require_contenttypes_0002	2025-03-02 12:43:13.449679+02
13	auth	0007_alter_validators_add_error_messages	2025-03-02 12:43:13.456576+02
14	auth	0008_alter_user_username_max_length	2025-03-02 12:43:13.462634+02
15	auth	0009_alter_user_last_name_max_length	2025-03-02 12:43:13.471116+02
16	auth	0010_alter_group_name_max_length	2025-03-02 12:43:13.484243+02
17	auth	0011_update_proxy_permissions	2025-03-02 12:43:13.492353+02
18	auth	0012_alter_user_first_name_max_length	2025-03-02 12:43:13.500271+02
19	authtoken	0001_initial	2025-03-02 12:46:57.233275+02
20	authtoken	0002_auto_20160226_1747	2025-03-02 12:46:57.251638+02
21	authtoken	0003_tokenproxy	2025-03-02 12:46:57.254419+02
22	authtoken	0004_alter_tokenproxy_options	2025-03-02 12:46:57.25833+02
23	sessions	0001_initial	2025-03-02 12:46:57.276015+02
24	student	0001_initial	2025-03-02 12:46:57.342657+02
25	student	0002_alter_student_matricule	2025-03-02 16:42:35.095619+02
26	student	0003_alter_student_matricule	2025-03-03 23:44:41.874015+02
\.


--
-- TOC entry 3564 (class 0 OID 17929)
-- Dependencies: 230
-- Data for Name: django_session; Type: TABLE DATA; Schema: public; Owner: postgres
--

COPY public.django_session (session_key, session_data, expire_date) FROM stdin;
\.


--
-- TOC entry 3566 (class 0 OID 17939)
-- Dependencies: 232
-- Data for Name: student_academicfee; Type: TABLE DATA; Schema: public; Owner: postgres
--

COPY public.student_academicfee (id, created_at, updated_at, deleted_at, category, amount, for_level, stakeholders, payable_from, created_by_id) FROM stdin;
2	2025-03-02 17:11:37.647678+02	2025-03-02 17:11:37.647701+02	\N	T	500000.000	BAC1	{100,200,300,400,350,450,550,650}	2022-04-01	21
4	2025-03-02 17:13:10.116151+02	2025-03-02 17:13:10.116178+02	\N	T	500000.000	BAC3	{100,200,300,400,350,450,550,650}	2022-04-01	21
5	2025-03-02 17:15:08.771265+02	2025-03-02 17:15:08.77131+02	\N	T	700000.000	BAC3	{500,600,120,220}	2022-04-01	21
6	2025-03-02 17:16:10.890606+02	2025-03-02 17:16:10.890623+02	\N	T	700000.000	BAC2	{500,600,120,220}	2022-04-01	21
7	2025-03-02 17:16:27.038693+02	2025-03-02 17:16:27.038741+02	\N	T	700000.000	BAC1	{500,600,120,220}	2022-04-01	21
8	2025-03-02 17:18:41.946042+02	2025-03-02 17:18:41.946057+02	\N	C	20000.000	BAC1	{500,600,120,220,100,200,300,400,350,450,550,650}	2022-03-01	21
10	2025-03-02 17:20:55.482706+02	2025-03-02 17:20:55.482763+02	\N	M	50000.000	BAC3	{500,600,120,220,100,200,300,400,350,450,550,650}	2022-12-20	21
11	2025-03-02 17:22:07.32347+02	2025-03-02 17:22:07.323497+02	\N	G	50000.000	BAC3	{500,600,120,220,100,200,300,400,350,450,550,650}	2022-12-20	21
12	2025-03-02 17:22:23.369791+02	2025-03-02 17:22:23.369812+02	\N	I	250000.000	BAC3	{500,600,120,220,100,200,300,400,350,450,550,650}	2022-12-20	21
3	2025-03-02 17:12:35.209416+02	2025-03-02 17:12:35.209429+02	\N	T	500000.000	BAC2	{100,200,300,400,350,450,550,650}	2022-03-01	21
\.


--
-- TOC entry 3570 (class 0 OID 17955)
-- Dependencies: 236
-- Data for Name: student_invoice; Type: TABLE DATA; Schema: public; Owner: postgres
--

COPY public.student_invoice (id, created_at, updated_at, deleted_at, amount, level, due_amount, created_by_id, type_id, student_id) FROM stdin;
33	2025-03-03 18:07:46.654463+02	2025-03-03 18:07:46.654484+02	\N	454698.000	BAC2	45302.000	21	3	17
34	2025-03-03 18:07:46.662661+02	2025-03-03 18:07:46.662672+02	\N	50936.000	BAC1	449064.000	21	2	16
35	2025-03-03 18:07:46.669674+02	2025-03-03 18:07:46.669691+02	\N	98720.000	BAC2	401280.000	21	3	9
36	2025-03-03 18:07:46.675623+02	2025-03-03 18:07:46.675635+02	\N	390009.000	BAC1	109991.000	21	2	14
37	2025-03-03 18:07:46.681802+02	2025-03-03 18:07:46.681821+02	\N	321373.000	BAC1	178627.000	21	2	3
38	2025-03-03 18:07:46.689452+02	2025-03-03 18:07:46.689472+02	\N	2359.000	BAC3	497641.000	21	4	8
39	2025-03-03 18:07:46.697261+02	2025-03-03 18:07:46.697277+02	\N	415722.000	BAC3	84278.000	21	4	5
40	2025-03-03 18:07:46.707267+02	2025-03-03 18:07:46.70728+02	\N	212950.000	BAC3	287050.000	21	4	12
41	2025-03-03 18:07:46.713073+02	2025-03-03 18:07:46.713084+02	\N	307087.000	BAC2	192913.000	21	3	16
42	2025-03-03 18:07:46.720626+02	2025-03-03 18:07:46.72064+02	\N	72901.000	BAC2	427099.000	21	3	13
43	2025-03-03 18:07:52.90742+02	2025-03-03 18:07:52.907431+02	\N	351535.000	BAC2	148465.000	21	3	7
44	2025-03-03 18:07:52.926285+02	2025-03-03 18:07:52.926316+02	\N	23256.000	BAC1	476744.000	21	2	21
45	2025-03-03 18:07:52.935678+02	2025-03-03 18:07:52.9357+02	\N	439935.000	BAC1	60065.000	21	2	10
46	2025-03-03 18:07:52.942305+02	2025-03-03 18:07:52.942316+02	\N	145330.000	BAC3	354670.000	21	4	13
47	2025-03-03 18:07:52.949472+02	2025-03-03 18:07:52.949488+02	\N	308346.000	BAC1	191654.000	21	2	17
48	2025-03-03 18:07:52.956052+02	2025-03-03 18:07:52.956063+02	\N	74803.000	BAC1	425197.000	21	2	5
49	2025-03-03 18:07:52.962281+02	2025-03-03 18:07:52.962295+02	\N	328374.000	BAC3	171626.000	21	4	16
50	2025-03-03 18:07:52.969506+02	2025-03-03 18:07:52.969523+02	\N	65240.000	BAC2	127673.000	21	3	16
51	2025-03-03 18:07:52.976214+02	2025-03-03 18:07:52.976232+02	\N	419839.000	BAC3	80161.000	21	4	4
52	2025-03-03 18:07:52.985499+02	2025-03-03 18:07:52.985514+02	\N	62151.000	BAC2	65522.000	21	3	16
53	2025-03-03 18:08:27.476735+02	2025-03-03 18:08:27.476746+02	\N	439153.000	BAC2	60847.000	21	3	3
54	2025-03-03 18:08:27.487286+02	2025-03-03 18:08:27.487302+02	\N	103565.000	BAC1	396435.000	21	2	9
55	2025-03-03 18:08:27.494025+02	2025-03-03 18:08:27.494037+02	\N	364723.000	BAC3	135277.000	21	4	17
56	2025-03-03 18:08:27.500438+02	2025-03-03 18:08:27.500452+02	\N	401633.000	BAC3	98367.000	21	4	10
57	2025-03-03 18:08:27.507263+02	2025-03-03 18:08:27.507275+02	\N	451721.000	BAC3	48279.000	21	4	21
58	2025-03-03 18:08:27.513583+02	2025-03-03 18:08:27.513596+02	\N	205918.000	BAC1	219279.000	21	2	5
59	2025-03-03 18:08:27.520803+02	2025-03-03 18:08:27.520826+02	\N	245336.000	BAC3	252305.000	21	4	8
60	2025-03-03 18:08:27.527109+02	2025-03-03 18:08:27.527121+02	\N	383544.000	BAC1	116456.000	21	2	8
61	2025-03-03 18:08:27.53385+02	2025-03-03 18:08:27.533881+02	\N	23651.000	BAC1	476349.000	21	2	13
62	2025-03-03 18:08:27.541998+02	2025-03-03 18:08:27.54201+02	\N	88962.000	BAC2	411038.000	21	3	4
\.


--
-- TOC entry 3568 (class 0 OID 17947)
-- Dependencies: 234
-- Data for Name: student_student; Type: TABLE DATA; Schema: public; Owner: postgres
--

COPY public.student_student (id, created_at, updated_at, deleted_at, name, lastname, matricule, departement, promotion, level, speciality, student_check_pass, created_by_id, user_id) FROM stdin;
2	2025-03-02 16:51:25.638628+02	2025-03-02 16:51:25.638648+02	\N	Michael Harris	Castro	25250021	250	2025	BAC1	\N	f	21	21
3	2025-03-02 16:51:25.644491+02	2025-03-02 16:51:25.644513+02	\N	Grace Lee	Richards	25200022	200	2025	BAC1	\N	f	22	22
4	2025-03-02 16:51:25.646883+02	2025-03-02 16:51:25.6469+02	\N	Monica Melton	Ball	22550023	550	2022	GRDT	\N	f	23	23
5	2025-03-02 16:51:25.649494+02	2025-03-02 16:51:25.649507+02	\N	Mark Cantu	Yu	22300024	300	2022	GRDT	\N	f	24	24
6	2025-03-02 16:51:25.651579+02	2025-03-02 16:51:25.65159+02	\N	Michael Carter	Conway	25500025	500	2025	BAC1	\N	f	25	25
7	2025-03-02 16:51:25.654423+02	2025-03-02 16:51:25.654435+02	\N	Andrew Jenkins	Freeman	25200026	200	2025	BAC1	\N	f	26	26
8	2025-03-02 16:51:25.656757+02	2025-03-02 16:51:25.656768+02	\N	Valerie Oliver	Schwartz	25650027	650	2025	BAC1	\N	f	27	27
9	2025-03-02 16:51:25.659904+02	2025-03-02 16:51:25.65992+02	\N	Lisa Lawrence	Johnson	25300028	300	2025	BAC1	\N	f	28	28
10	2025-03-02 16:51:25.6625+02	2025-03-02 16:51:25.662521+02	\N	Mark Gonzalez	Williams	25300029	300	2025	BAC1	\N	f	29	29
11	2025-03-02 16:51:25.665388+02	2025-03-02 16:51:25.665405+02	\N	Debra Stevens	Tucker	23600030	600	2023	BAC3	\N	f	30	30
12	2025-03-02 16:51:25.667905+02	2025-03-02 16:51:25.667915+02	\N	Elizabeth Schultz	Koch	24450031	450	2024	BAC2	\N	f	31	31
13	2025-03-02 16:51:25.670824+02	2025-03-02 16:51:25.670839+02	\N	Linda Mcneil	Logan	24200032	200	2024	BAC2	\N	f	32	32
14	2025-03-02 16:51:25.673183+02	2025-03-02 16:51:25.673202+02	\N	Brett Garcia	Thompson	25400033	400	2025	BAC1	\N	f	33	33
15	2025-03-02 16:51:25.675459+02	2025-03-02 16:51:25.675486+02	\N	Richard Brown	Navarro	23250034	250	2023	BAC3	\N	f	34	34
16	2025-03-02 16:51:25.6786+02	2025-03-02 16:51:25.678621+02	\N	Jonathan Ponce	Roberts	24400035	400	2024	BAC2	\N	f	35	35
17	2025-03-02 16:51:25.681118+02	2025-03-02 16:51:25.681134+02	\N	Bradley Gonzalez	Richardson	22450036	450	2022	GRDT	\N	f	36	36
18	2025-03-02 16:51:25.683755+02	2025-03-02 16:51:25.683774+02	\N	Andrew Coleman	Barber	25450037	450	2025	BAC1	\N	f	37	37
19	2025-03-02 16:51:25.686337+02	2025-03-02 16:51:25.686352+02	\N	Carla Lam	Wang	22200038	200	2022	GRDT	\N	f	38	38
20	2025-03-02 16:51:25.688544+02	2025-03-02 16:51:25.688558+02	\N	Phillip Hall MD	Cook	24220039	220	2024	BAC2	\N	f	39	39
21	2025-03-02 16:51:25.690792+02	2025-03-02 16:51:25.690805+02	\N	Dana Willis	Lee	25550040	550	2025	BAC1	\N	f	40	40
\.


--
-- TOC entry 3576 (class 0 OID 0)
-- Dependencies: 225
-- Name: auth_group_id_seq; Type: SEQUENCE SET; Schema: public; Owner: postgres
--

SELECT pg_catalog.setval('public.auth_group_id_seq', 1, false);


--
-- TOC entry 3577 (class 0 OID 0)
-- Dependencies: 227
-- Name: auth_group_permissions_id_seq; Type: SEQUENCE SET; Schema: public; Owner: postgres
--

SELECT pg_catalog.setval('public.auth_group_permissions_id_seq', 1, false);


--
-- TOC entry 3578 (class 0 OID 0)
-- Dependencies: 223
-- Name: auth_permission_id_seq; Type: SEQUENCE SET; Schema: public; Owner: postgres
--

SELECT pg_catalog.setval('public.auth_permission_id_seq', 44, true);


--
-- TOC entry 3579 (class 0 OID 0)
-- Dependencies: 219
-- Name: authentication_user_id_seq; Type: SEQUENCE SET; Schema: public; Owner: postgres
--

SELECT pg_catalog.setval('public.authentication_user_id_seq', 40, true);


--
-- TOC entry 3580 (class 0 OID 0)
-- Dependencies: 221
-- Name: django_admin_log_id_seq; Type: SEQUENCE SET; Schema: public; Owner: postgres
--

SELECT pg_catalog.setval('public.django_admin_log_id_seq', 1, false);


--
-- TOC entry 3581 (class 0 OID 0)
-- Dependencies: 217
-- Name: django_content_type_id_seq; Type: SEQUENCE SET; Schema: public; Owner: postgres
--

SELECT pg_catalog.setval('public.django_content_type_id_seq', 11, true);


--
-- TOC entry 3582 (class 0 OID 0)
-- Dependencies: 215
-- Name: django_migrations_id_seq; Type: SEQUENCE SET; Schema: public; Owner: postgres
--

SELECT pg_catalog.setval('public.django_migrations_id_seq', 26, true);


--
-- TOC entry 3583 (class 0 OID 0)
-- Dependencies: 231
-- Name: student_academicfee_id_seq; Type: SEQUENCE SET; Schema: public; Owner: postgres
--

SELECT pg_catalog.setval('public.student_academicfee_id_seq', 12, true);


--
-- TOC entry 3584 (class 0 OID 0)
-- Dependencies: 235
-- Name: student_invoice_id_seq; Type: SEQUENCE SET; Schema: public; Owner: postgres
--

SELECT pg_catalog.setval('public.student_invoice_id_seq', 62, true);


--
-- TOC entry 3585 (class 0 OID 0)
-- Dependencies: 233
-- Name: student_student_id_seq; Type: SEQUENCE SET; Schema: public; Owner: postgres
--

SELECT pg_catalog.setval('public.student_student_id_seq', 21, true);


--
-- TOC entry 3360 (class 2606 OID 17913)
-- Name: auth_group auth_group_name_key; Type: CONSTRAINT; Schema: public; Owner: postgres
--

ALTER TABLE ONLY public.auth_group
    ADD CONSTRAINT auth_group_name_key UNIQUE (name);


--
-- TOC entry 3365 (class 2606 OID 17899)
-- Name: auth_group_permissions auth_group_permissions_group_id_permission_id_0cd325b0_uniq; Type: CONSTRAINT; Schema: public; Owner: postgres
--

ALTER TABLE ONLY public.auth_group_permissions
    ADD CONSTRAINT auth_group_permissions_group_id_permission_id_0cd325b0_uniq UNIQUE (group_id, permission_id);


--
-- TOC entry 3368 (class 2606 OID 17888)
-- Name: auth_group_permissions auth_group_permissions_pkey; Type: CONSTRAINT; Schema: public; Owner: postgres
--

ALTER TABLE ONLY public.auth_group_permissions
    ADD CONSTRAINT auth_group_permissions_pkey PRIMARY KEY (id);


--
-- TOC entry 3362 (class 2606 OID 17880)
-- Name: auth_group auth_group_pkey; Type: CONSTRAINT; Schema: public; Owner: postgres
--

ALTER TABLE ONLY public.auth_group
    ADD CONSTRAINT auth_group_pkey PRIMARY KEY (id);


--
-- TOC entry 3355 (class 2606 OID 17890)
-- Name: auth_permission auth_permission_content_type_id_codename_01ab375a_uniq; Type: CONSTRAINT; Schema: public; Owner: postgres
--

ALTER TABLE ONLY public.auth_permission
    ADD CONSTRAINT auth_permission_content_type_id_codename_01ab375a_uniq UNIQUE (content_type_id, codename);


--
-- TOC entry 3357 (class 2606 OID 17874)
-- Name: auth_permission auth_permission_pkey; Type: CONSTRAINT; Schema: public; Owner: postgres
--

ALTER TABLE ONLY public.auth_permission
    ADD CONSTRAINT auth_permission_pkey PRIMARY KEY (id);


--
-- TOC entry 3345 (class 2606 OID 17845)
-- Name: authentication_user authentication_user_email_key; Type: CONSTRAINT; Schema: public; Owner: postgres
--

ALTER TABLE ONLY public.authentication_user
    ADD CONSTRAINT authentication_user_email_key UNIQUE (email);


--
-- TOC entry 3347 (class 2606 OID 17843)
-- Name: authentication_user authentication_user_pkey; Type: CONSTRAINT; Schema: public; Owner: postgres
--

ALTER TABLE ONLY public.authentication_user
    ADD CONSTRAINT authentication_user_pkey PRIMARY KEY (id);


--
-- TOC entry 3371 (class 2606 OID 17920)
-- Name: authtoken_token authtoken_token_pkey; Type: CONSTRAINT; Schema: public; Owner: postgres
--

ALTER TABLE ONLY public.authtoken_token
    ADD CONSTRAINT authtoken_token_pkey PRIMARY KEY (key);


--
-- TOC entry 3373 (class 2606 OID 17922)
-- Name: authtoken_token authtoken_token_user_id_key; Type: CONSTRAINT; Schema: public; Owner: postgres
--

ALTER TABLE ONLY public.authtoken_token
    ADD CONSTRAINT authtoken_token_user_id_key UNIQUE (user_id);


--
-- TOC entry 3351 (class 2606 OID 17856)
-- Name: django_admin_log django_admin_log_pkey; Type: CONSTRAINT; Schema: public; Owner: postgres
--

ALTER TABLE ONLY public.django_admin_log
    ADD CONSTRAINT django_admin_log_pkey PRIMARY KEY (id);


--
-- TOC entry 3340 (class 2606 OID 17837)
-- Name: django_content_type django_content_type_app_label_model_76bd3d3b_uniq; Type: CONSTRAINT; Schema: public; Owner: postgres
--

ALTER TABLE ONLY public.django_content_type
    ADD CONSTRAINT django_content_type_app_label_model_76bd3d3b_uniq UNIQUE (app_label, model);


--
-- TOC entry 3342 (class 2606 OID 17835)
-- Name: django_content_type django_content_type_pkey; Type: CONSTRAINT; Schema: public; Owner: postgres
--

ALTER TABLE ONLY public.django_content_type
    ADD CONSTRAINT django_content_type_pkey PRIMARY KEY (id);


--
-- TOC entry 3338 (class 2606 OID 17829)
-- Name: django_migrations django_migrations_pkey; Type: CONSTRAINT; Schema: public; Owner: postgres
--

ALTER TABLE ONLY public.django_migrations
    ADD CONSTRAINT django_migrations_pkey PRIMARY KEY (id);


--
-- TOC entry 3376 (class 2606 OID 17935)
-- Name: django_session django_session_pkey; Type: CONSTRAINT; Schema: public; Owner: postgres
--

ALTER TABLE ONLY public.django_session
    ADD CONSTRAINT django_session_pkey PRIMARY KEY (session_key);


--
-- TOC entry 3380 (class 2606 OID 17945)
-- Name: student_academicfee student_academicfee_pkey; Type: CONSTRAINT; Schema: public; Owner: postgres
--

ALTER TABLE ONLY public.student_academicfee
    ADD CONSTRAINT student_academicfee_pkey PRIMARY KEY (id);


--
-- TOC entry 3391 (class 2606 OID 17959)
-- Name: student_invoice student_invoice_pkey; Type: CONSTRAINT; Schema: public; Owner: postgres
--

ALTER TABLE ONLY public.student_invoice
    ADD CONSTRAINT student_invoice_pkey PRIMARY KEY (id);


--
-- TOC entry 3384 (class 2606 OID 18002)
-- Name: student_student student_student_matricule_f830e549_uniq; Type: CONSTRAINT; Schema: public; Owner: postgres
--

ALTER TABLE ONLY public.student_student
    ADD CONSTRAINT student_student_matricule_f830e549_uniq UNIQUE (matricule);


--
-- TOC entry 3386 (class 2606 OID 17951)
-- Name: student_student student_student_pkey; Type: CONSTRAINT; Schema: public; Owner: postgres
--

ALTER TABLE ONLY public.student_student
    ADD CONSTRAINT student_student_pkey PRIMARY KEY (id);


--
-- TOC entry 3388 (class 2606 OID 17953)
-- Name: student_student student_student_user_id_key; Type: CONSTRAINT; Schema: public; Owner: postgres
--

ALTER TABLE ONLY public.student_student
    ADD CONSTRAINT student_student_user_id_key UNIQUE (user_id);


--
-- TOC entry 3358 (class 1259 OID 17914)
-- Name: auth_group_name_a6ea08ec_like; Type: INDEX; Schema: public; Owner: postgres
--

CREATE INDEX auth_group_name_a6ea08ec_like ON public.auth_group USING btree (name varchar_pattern_ops);


--
-- TOC entry 3363 (class 1259 OID 17910)
-- Name: auth_group_permissions_group_id_b120cbf9; Type: INDEX; Schema: public; Owner: postgres
--

CREATE INDEX auth_group_permissions_group_id_b120cbf9 ON public.auth_group_permissions USING btree (group_id);


--
-- TOC entry 3366 (class 1259 OID 17911)
-- Name: auth_group_permissions_permission_id_84c5c92e; Type: INDEX; Schema: public; Owner: postgres
--

CREATE INDEX auth_group_permissions_permission_id_84c5c92e ON public.auth_group_permissions USING btree (permission_id);


--
-- TOC entry 3353 (class 1259 OID 17896)
-- Name: auth_permission_content_type_id_2f476e4b; Type: INDEX; Schema: public; Owner: postgres
--

CREATE INDEX auth_permission_content_type_id_2f476e4b ON public.auth_permission USING btree (content_type_id);


--
-- TOC entry 3343 (class 1259 OID 17846)
-- Name: authentication_user_email_2220eff5_like; Type: INDEX; Schema: public; Owner: postgres
--

CREATE INDEX authentication_user_email_2220eff5_like ON public.authentication_user USING btree (email varchar_pattern_ops);


--
-- TOC entry 3369 (class 1259 OID 17928)
-- Name: authtoken_token_key_10f0b77e_like; Type: INDEX; Schema: public; Owner: postgres
--

CREATE INDEX authtoken_token_key_10f0b77e_like ON public.authtoken_token USING btree (key varchar_pattern_ops);


--
-- TOC entry 3349 (class 1259 OID 17867)
-- Name: django_admin_log_content_type_id_c4bce8eb; Type: INDEX; Schema: public; Owner: postgres
--

CREATE INDEX django_admin_log_content_type_id_c4bce8eb ON public.django_admin_log USING btree (content_type_id);


--
-- TOC entry 3352 (class 1259 OID 17868)
-- Name: django_admin_log_user_id_c564eba6; Type: INDEX; Schema: public; Owner: postgres
--

CREATE INDEX django_admin_log_user_id_c564eba6 ON public.django_admin_log USING btree (user_id);


--
-- TOC entry 3374 (class 1259 OID 17937)
-- Name: django_session_expire_date_a5c62663; Type: INDEX; Schema: public; Owner: postgres
--

CREATE INDEX django_session_expire_date_a5c62663 ON public.django_session USING btree (expire_date);


--
-- TOC entry 3377 (class 1259 OID 17936)
-- Name: django_session_session_key_c0390e0f_like; Type: INDEX; Schema: public; Owner: postgres
--

CREATE INDEX django_session_session_key_c0390e0f_like ON public.django_session USING btree (session_key varchar_pattern_ops);


--
-- TOC entry 3348 (class 1259 OID 17847)
-- Name: indexing_undeleted_users; Type: INDEX; Schema: public; Owner: postgres
--

CREATE INDEX indexing_undeleted_users ON public.authentication_user USING btree (deleted_at) WHERE (deleted_at IS NULL);


--
-- TOC entry 3378 (class 1259 OID 17965)
-- Name: student_academicfee_created_by_id_f517e071; Type: INDEX; Schema: public; Owner: postgres
--

CREATE INDEX student_academicfee_created_by_id_f517e071 ON public.student_academicfee USING btree (created_by_id);


--
-- TOC entry 3389 (class 1259 OID 17992)
-- Name: student_invoice_created_by_id_12b399cf; Type: INDEX; Schema: public; Owner: postgres
--

CREATE INDEX student_invoice_created_by_id_12b399cf ON public.student_invoice USING btree (created_by_id);


--
-- TOC entry 3392 (class 1259 OID 17994)
-- Name: student_invoice_student_id_30ce7383; Type: INDEX; Schema: public; Owner: postgres
--

CREATE INDEX student_invoice_student_id_30ce7383 ON public.student_invoice USING btree (student_id);


--
-- TOC entry 3393 (class 1259 OID 17993)
-- Name: student_invoice_type_id_617b96ef; Type: INDEX; Schema: public; Owner: postgres
--

CREATE INDEX student_invoice_type_id_617b96ef ON public.student_invoice USING btree (type_id);


--
-- TOC entry 3381 (class 1259 OID 17976)
-- Name: student_student_created_by_id_41458ae8; Type: INDEX; Schema: public; Owner: postgres
--

CREATE INDEX student_student_created_by_id_41458ae8 ON public.student_student USING btree (created_by_id);


--
-- TOC entry 3382 (class 1259 OID 18003)
-- Name: student_student_matricule_f830e549_like; Type: INDEX; Schema: public; Owner: postgres
--

CREATE INDEX student_student_matricule_f830e549_like ON public.student_student USING btree (matricule varchar_pattern_ops);


--
-- TOC entry 3397 (class 2606 OID 17905)
-- Name: auth_group_permissions auth_group_permissio_permission_id_84c5c92e_fk_auth_perm; Type: FK CONSTRAINT; Schema: public; Owner: postgres
--

ALTER TABLE ONLY public.auth_group_permissions
    ADD CONSTRAINT auth_group_permissio_permission_id_84c5c92e_fk_auth_perm FOREIGN KEY (permission_id) REFERENCES public.auth_permission(id) DEFERRABLE INITIALLY DEFERRED;


--
-- TOC entry 3398 (class 2606 OID 17900)
-- Name: auth_group_permissions auth_group_permissions_group_id_b120cbf9_fk_auth_group_id; Type: FK CONSTRAINT; Schema: public; Owner: postgres
--

ALTER TABLE ONLY public.auth_group_permissions
    ADD CONSTRAINT auth_group_permissions_group_id_b120cbf9_fk_auth_group_id FOREIGN KEY (group_id) REFERENCES public.auth_group(id) DEFERRABLE INITIALLY DEFERRED;


--
-- TOC entry 3396 (class 2606 OID 17891)
-- Name: auth_permission auth_permission_content_type_id_2f476e4b_fk_django_co; Type: FK CONSTRAINT; Schema: public; Owner: postgres
--

ALTER TABLE ONLY public.auth_permission
    ADD CONSTRAINT auth_permission_content_type_id_2f476e4b_fk_django_co FOREIGN KEY (content_type_id) REFERENCES public.django_content_type(id) DEFERRABLE INITIALLY DEFERRED;


--
-- TOC entry 3399 (class 2606 OID 17923)
-- Name: authtoken_token authtoken_token_user_id_35299eff_fk_authentication_user_id; Type: FK CONSTRAINT; Schema: public; Owner: postgres
--

ALTER TABLE ONLY public.authtoken_token
    ADD CONSTRAINT authtoken_token_user_id_35299eff_fk_authentication_user_id FOREIGN KEY (user_id) REFERENCES public.authentication_user(id) DEFERRABLE INITIALLY DEFERRED;


--
-- TOC entry 3394 (class 2606 OID 17857)
-- Name: django_admin_log django_admin_log_content_type_id_c4bce8eb_fk_django_co; Type: FK CONSTRAINT; Schema: public; Owner: postgres
--

ALTER TABLE ONLY public.django_admin_log
    ADD CONSTRAINT django_admin_log_content_type_id_c4bce8eb_fk_django_co FOREIGN KEY (content_type_id) REFERENCES public.django_content_type(id) DEFERRABLE INITIALLY DEFERRED;


--
-- TOC entry 3395 (class 2606 OID 17862)
-- Name: django_admin_log django_admin_log_user_id_c564eba6_fk_authentication_user_id; Type: FK CONSTRAINT; Schema: public; Owner: postgres
--

ALTER TABLE ONLY public.django_admin_log
    ADD CONSTRAINT django_admin_log_user_id_c564eba6_fk_authentication_user_id FOREIGN KEY (user_id) REFERENCES public.authentication_user(id) DEFERRABLE INITIALLY DEFERRED;


--
-- TOC entry 3400 (class 2606 OID 17960)
-- Name: student_academicfee student_academicfee_created_by_id_f517e071_fk_authentic; Type: FK CONSTRAINT; Schema: public; Owner: postgres
--

ALTER TABLE ONLY public.student_academicfee
    ADD CONSTRAINT student_academicfee_created_by_id_f517e071_fk_authentic FOREIGN KEY (created_by_id) REFERENCES public.authentication_user(id) DEFERRABLE INITIALLY DEFERRED;


--
-- TOC entry 3403 (class 2606 OID 17977)
-- Name: student_invoice student_invoice_created_by_id_12b399cf_fk_authentic; Type: FK CONSTRAINT; Schema: public; Owner: postgres
--

ALTER TABLE ONLY public.student_invoice
    ADD CONSTRAINT student_invoice_created_by_id_12b399cf_fk_authentic FOREIGN KEY (created_by_id) REFERENCES public.authentication_user(id) DEFERRABLE INITIALLY DEFERRED;


--
-- TOC entry 3404 (class 2606 OID 17987)
-- Name: student_invoice student_invoice_student_id_30ce7383_fk_student_student_id; Type: FK CONSTRAINT; Schema: public; Owner: postgres
--

ALTER TABLE ONLY public.student_invoice
    ADD CONSTRAINT student_invoice_student_id_30ce7383_fk_student_student_id FOREIGN KEY (student_id) REFERENCES public.student_student(id) DEFERRABLE INITIALLY DEFERRED;


--
-- TOC entry 3405 (class 2606 OID 17982)
-- Name: student_invoice student_invoice_type_id_617b96ef_fk_student_academicfee_id; Type: FK CONSTRAINT; Schema: public; Owner: postgres
--

ALTER TABLE ONLY public.student_invoice
    ADD CONSTRAINT student_invoice_type_id_617b96ef_fk_student_academicfee_id FOREIGN KEY (type_id) REFERENCES public.student_academicfee(id) DEFERRABLE INITIALLY DEFERRED;


--
-- TOC entry 3401 (class 2606 OID 17966)
-- Name: student_student student_student_created_by_id_41458ae8_fk_authentic; Type: FK CONSTRAINT; Schema: public; Owner: postgres
--

ALTER TABLE ONLY public.student_student
    ADD CONSTRAINT student_student_created_by_id_41458ae8_fk_authentic FOREIGN KEY (created_by_id) REFERENCES public.authentication_user(id) DEFERRABLE INITIALLY DEFERRED;


--
-- TOC entry 3402 (class 2606 OID 17971)
-- Name: student_student student_student_user_id_4f4b35ef_fk_authentication_user_id; Type: FK CONSTRAINT; Schema: public; Owner: postgres
--

ALTER TABLE ONLY public.student_student
    ADD CONSTRAINT student_student_user_id_4f4b35ef_fk_authentication_user_id FOREIGN KEY (user_id) REFERENCES public.authentication_user(id) DEFERRABLE INITIALLY DEFERRED;


-- Completed on 2025-03-12 19:33:10 CAT

--
-- PostgreSQL database dump complete
--
